au_authid,au_name,bo_bookid,bo_title,bo_publisher,bo_year,bo_month,bo_pages,bo_vol,bo_num,bo_loc,bo_class,bo_note,bo_annote,ic_collid,ic_title,ic_bktitle,ic_year,ic_month,ic_pages,ic_vol,ic_num,ic_loc,ic_class,ic_note,ic_annote,mi_miscid,mi_title,mi_howpub,mi_confloc,mi_year,mi_month,mi_pages,mi_vol,mi_num,mi_loc,mi_class,mi_note,mi_annote,ma_manid,ma_title,ma_org,ma_year,ma_month,ma_pages,ma_vol,ma_num,ma_loc,ma_class,ma_note,ma_annote,ip_inprocid,ip_title,ip_bktitle,ip_year,ip_month,ip_pages,ip_vol,ip_num,ip_loc,ip_class,ip_note,ip_annote,ar_articleid,ar_title,ar_journal,ar_year,ar_month,ar_pages,ar_vol,ar_num,ar_loc,ar_class,ar_note,ar_annote,tr_techid,tr_title,tr_inst,tr_year,tr_month,tr_pages,tr_vol,tr_num,tr_loc,tr_class,tr_note,tr_annote
"1","SMITH,Adam","book1","Granular computing : an introduction. ","Allyn & Bacon/Longman   ","2001","Oct","1946-1973","8","7","Washington DC","Database Systems","tcqbizldlwgty","gkngzflcbjisxxzq","inc1","Direct convex relaxations of sparse SVM.        ","Granular computing : an introduction. ","1994","Oct","976-978","1","20"," Nassau","Theory of Computation","rocfvba","erefietaeebazoiyl","misc01","Large scale RLSC learning without agony.        ","howpub01","Washington DC","1988","Jul","846-858","4","14","Washington DC","Computational Biology","iyzamhmwazbsbepfr","ieyxhokbvww","man01","Robust mixtures in the presence of measurement errors.        ","FIFF - Forum InformatikerInnen für Frieden und gesellschaftliche Verantwortung e.V. ","2001","Aug","1743-1744","3","10"," Nassau","Theory of Computation","eydepantrzbcyldlizzqgifxmbih","pzndrnaulredwtcpflu","InProc1","Symbolic state space of Stopwatch Petri nets with discrete-time semantics","Granular computing : an introduction. ","2008","JUN","307--321","4","14","Washington DC","Artificial Intelligence","wmcjefeqr","sivsugyomptnktkjkvgoybjxzwjiif","art1","A fast probabilistic Algorithm for Four-colouring Large Planar Graphs,","Illinois J. Math","1977","Sep","111-126","10","3"," Buenos Aires","Human Computer Interaction","qmxdhzogktmvidp","zlfkprqgwfbizfghxkkxiisyoy","tech01","Generating Rooted Triangulations Without Repetitions ","California Baptist University ","1983","Mar","1377-1390","10","19"," Nassau","Computer Graphics","atikfsxqqcpxbggmol","dpcgxygebkvrskxgfuzyhh"
"2","JOHNSON,Alexius","book2","The five-minute interview : a job hunter's guide to a successful interview. ","Annual Reviews    ","1996","Mar","1639-1643","19","17","Ottawa","Computer Graphics","zfaroig","gpcppqenzjhmhkm","inc2","Minimum reference set based feature selection for small sample classifications.        ","The five-minute interview : a job hunter's guide to a successful interview. ","1989","Feb","1352-1369","3","26"," Manama","Theoretical Computer Science","rhqqthv","fnxwgqbbvkylcstwlnnvgkngfkaburwdp","misc02","A novel orthogonal NMF based belief compression for POMDPs.        ","howpub02","Ottawa","1989","Sep","660-666","8","15","Ottawa","Computational Science","yelpljqnradtrunnqdhpmktu","appjpyhdxcoc","man02","A kernel based causal learning algorithm.        ","ALP - The Association of Logic Programming ","1994","Feb","878-888","4","23"," Manama","Computer Systems and Networks","aqntpeborftaiklk","brltfswrieayenfvlnzgwyw","InProc2","Behavior Diagrams Model-Checking: Formal Methods Applied to Systems Engineering and Design","The five-minute interview : a job hunter's guide to a successful interview. ","2008","APR","63-82","20","17","Ottawa","Bioinformatics","bekcmwmrkjvtxixjpxnfdyyohhgx","jedasktxljnordlr","art2","Analysis of two linear-Time Algorithms for Five-Coloring a","Proc. Fall 1986 Joint Computer Conference","1986","Apr","1363-1368","14","12"," Yerevan","Computational Biology","ijwgqmmgbxcfgbotjexwyo","xaambwjsz","tech02","Reverse Search for enumeration ","California College of the Arts ","2000","Nov","387-390","3","25"," Manama","Numerical Analysis","ffhutrrfqypzh","peflnxogdaajrlfslwhigfzzrfsyynw"
"3","WILLIAMS,Blasius","book3","Schaum's outline of UML. ","Bedford, Freeman & Worth","2000","Jul","1105-1108","7","20","Bejing","Programming Languages and Methodologies","twsbefnfnxxpedklygzmffvqflbfn","mxpxulwilsnuyltxe","inc3","Learning to compress images and videos.        ","Schaum's outline of UML. ","1999","Jan","908-911","28","9"," Dhaka","Computational Biology","knqlikgcqghztmxndygdctaoddvya","tgqklkpepo","misc03","A permutation augmented sampler for DP mixture models.        ","howpub03","Bejing","1994","May","1524-1528","6","8","Bejing","Distributed Informatics","yxaewwxv","wqrwziswqnnavujwaec","man03","Piecewise pseudolikelihood for efficient training of conditional random fields.        ","CSCSI - Canadian Society for Computational Studies of Intelligence ","1985","Dec","1250-1267","12","26"," Dhaka","Applied and Discrete Mathematics","nnmancuxjtnq","zrgfncdsdiimqynrsnrhcqwuaqin","InProc3","Usability and Usefulness of Formal Verification in a System Design Process","Schaum's outline of UML. ","2008","JUN","222-228","6","9","Bejing","Computational Science","iuctrgieegqpxwtpxdjcuruiclehiqu","cyetktgnhvmefrlgx","art3","Every planar map is four colorable,","Congr. Numer.","1981","Aug","1404-1418","3","7"," Canberra","Network and Software Security","cscgfeqiwrtxszfhwavwq","agsmf","tech03","Willy : un nouvel algorithme de coloration de graphes","California Institute of the Arts ","1991","Apr","1586-1598","7","23"," Dhaka","Theoretical Computer Science","ekwsjdamqeyrpyskywmhybazuciiemw","lzmbrnpslcwgmkpcehwnean"
"4","JONES,Carolus","book4","Microsoft Windows XP inside out.  ","Publishing Group     ","1990","Jul","1451-1458","13","3"," Kabul","Programming Languages and Methodologies","jmtuqzcaxdhymqgxglenvvqz","mvbmieeatvlobwhdzx","inc4","Magnitude preserving ranking algorithms.        ","Microsoft Windows XP inside out.  ","1994","Aug","1471-1482","6","16"," Bridgetown","Network and Software Security","nlmrvskxrzxvbvghtpqmnrmopqhue","anzqdrkxsizbiscsysp","misc04","Quadratically gated mixture of experts for incomplete data classification.        ","howpub04"," Kabul","1991","May","1284-1300","7","7"," Kabul","Programming Languages and Methodologies","qrzknhnzqdaggxrewdssjmhtqyphzdhx","wymsyojitnsihjyki","man04","On the role of tracking in stationary environments.        ","IJCAI - International Joint Committee on Artificial Intelligence (IJCAI-95) ","1996","Nov","1803-1818","13","14"," Bridgetown","Numerical Analysis","tqeftlhmqbylhwjvr","cyferkbf","InProc4","Synthesis of Non-Interferent Systems","Microsoft Windows XP inside out.  ","2007","SEP","33-38","4","76"," Kabul","Distributed Informatics","cowfyjplanpepwoifyfcpxlzk","vxtnutbajggprgmvarqjilubprhwt","art4","The solution of the Four-Color-Map Theorem,","Illinois J. Math","1977","Nov","622-636","28","11"," Vienna","Numerical Analysis","stmhpbmztzdwfduymdoghdesbbhmr","sbsjxmwnicugrnffglmx","tech04","Une d?onstration de la 4-coloration de certains","California Institute of Integral Studies ","1997","Nov","504-521","8","9"," Bridgetown","Applied and Discrete Mathematics","sapvrpajfovuhj","lcotpxrtdcokunwp"
"5","BROWN,Demetrius","book5","Computer systems : a programmer's perspective. ","Blackwell Publishing     ","1995","Aug","321-325","8","9"," Tirane","Parallel and Distributed Computing","qaooub","uagvfkfryoh","inc5","Full regularization path for sparse principal component analysis.        ","Computer systems : a programmer's perspective. ","1997","Mar","777-796","17","0"," Minsk","Applied and Discrete Mathematics","ixcrdtipdxyjeuzwhqgyril","vcvcy","misc05","Trust region Newton methods for large scale logistic regression.        ","howpub05"," Tirane","1990","Mar","339-343","2","25"," Tirane","Artificial Intelligence","wpdbhyuwwp","snvoiylzlldqfisd","man05","Cross domain transfer for reinforcement learning.        ","MAA - Mathematical Association of America ","1996","Sep","754-772","15","26"," Minsk","Computer Graphics","mtwmebtokwlnwewecydouahu","hrvvyhojglrpk","InProc5","Comparison of the expressiveness of Arc, Place and Transition Time Petri Nets","Computer systems : a programmer's perspective. ","2007","JUN","59--77","26","51"," Tirane","Human-Computer Interaction","fdwdpuogzyxsrqzgapytyfg","syrkxyqrcbkcxmpqzwdw","art5"," Isomorph free exhaustive generation,","University of Illinois","1977","Apr","533-541","8","4"," Baku","Applied and Discrete Mathematics","qksjbpgzvi","khcxuaapmkmzjlvm","tech05"," Maximal Planar Graphs Generation with minimum degree five","California Institute of Technology ","1995","Aug","700-716","22","9"," Minsk","Software Engineering","dxlxedidfqtssqbtvqtzhalplpgikbtwdc","uunbyzhwvvnl"
"6","DAVIS,Franciscus","book6","Schaum's outline of computer architecture.","Cengage Learning","1996","Jan","1898-1909","22","21"," Algiers","Theory of Computation","ommyltcvcbhrijycppkwsrbcy","irngksesrpydruvqfpbzpflvlgdkspjpe","inc6","Kernel selection forl semi supervised kernel machines.        ","Schaum's outline of computer architecture.","1999","Jul","1894-1912","28","13"," Brussels","Bioinformatics","vopkpewhrhvqyjphl","gyloetncbglgphblikdhaybndzkpfvbb","misc06","Relational clustering by symmetric convex coding.        ","howpub06"," Algiers","1986","Jun","447-465","2","23"," Algiers","Programming Languages and Software Engineering","cuapdvyl","cvkifgzxxckxb","man06","Incremental Bayesian networks for structure prediction.        ","ODMG - Object Database Management Group ","1995","Jun","1953-1963","7","23"," Brussels","Software Engineering","dkkmixquvfjyxz","uhhraievvzbxowdjbdwsmkzaeure","InProc6","Usability of formal verification on EFFBD models: Applying Petri nets to Systems Engineering issues","Schaum's outline of computer architecture.","2007","SEP","187--196","24","35"," Algiers","Network and Software Security","jegwkpsavwtfxmmvdphatywdrvxoz","tevsnbbahwijqfqmv","art6"," The four-colour theorem,","Sciences","1993","Feb","326-341","18","12"," Nassau","Computer Graphics","zwtpbqahmspqt","jexhlwcwccweqtggyjkadduisesxwo","tech06","Etude exp?imentale de g??ateurs de graphes","California Lutheran University ","1982","Dec","1648-1658","17","20"," Brussels","Programming Languages and Methodologies","cjxpzxshvxfxs","jlybzaxazsxdfpllydohwhemmgrxxqlkw"
"7","MILLER,Josepha","book7","Creating your own great DVDs & CDs : the official hp guide.   ","Elsevier      ","1984","Sep","1742-1759","18","21"," Andorra la Vella","Networking","gvgtvnxbbbezgifqjqu","odkkiwyarpqdtespdiaarcpuupjboq","inc7","Boosting for transfer learning.        ","Creating your own great DVDs & CDs : the official hp guide.   ","1992","Jul","1372-1380","3","1"," Belmopan","Numerical Analysis","trbzazwulehbxmlkpmmy","ibafnzfxqhdpcjyuqbvevantnkzyfwttqh","misc07","Discriminant analysis in correlation similarity measure space.        ","howpub07"," Andorra la Vella","1988","Jun","1140-1158","1","30"," Andorra la Vella","Theory of Computation","uiqjhaorenoxcccicicpadphapr","tibsjonzqlwakbwoin","man07","Classifying matrices with a spectral regularization.        ","Object-Orientation Ph.D. Network ","1983","May","1428-1434","8","15"," Belmopan","Universal Access","twfvlbwwfakaromukxgxzxxhbgnnhkybg","pkuyxgokszttbsanshwiiirch","InProc7","Safety Control Synthesis for Time Petri Nets.","Creating your own great DVDs & CDs : the official hp guide.   ","2006","JUL","371--390","5","29"," Andorra la Vella","Networking","pxgbxfjqvpmcfiu","swlsqclmcduinsvpiumdzyvjgdzdt","art7"," Efficiently four-coloring planar graphs,","preprint","1996","Dec","668-687","1","9"," Manama","Computer Systems and Networks","yetkhzwmvrsigqouadieqxijdvvrxs","ztjgzpwdwwrbnva","tech07"," Colorier les graphes ?degr?born?","California Pacific University ","1997","Mar","1947-1964","4","9"," Belmopan","Applied and Discrete Mathematics","nyxkvzobl","fivagccffrsmfl"
"8","WILSON,Leo","book8","Cellular neural networks and visual computing : foundation and applications.   ","Greenwood Publishing Group","2000","Sep","1946-1963","12","18"," Luanda","Human Computer Interaction","ujhkqgcauwtvbnoenb","ngyksobovppceyrgslhpdwbvw","inc8","Intractability and clustering with constraints.        ","Cellular neural networks and visual computing : foundation and applications.   ","1987","Jul","1714-1717","1","16"," Porto","Programming Languages and Methodologies","beeoukjqtbnsazuobai","dbxkqqafdujrovfmtakvoqt","misc08","Adaptive mesh compression in  D computer graphics using multiscale manifold learning.        ","howpub08"," Luanda","1990","Jan","1758-1773","1","16"," Luanda","Bioinformatics","tgrtpfg","afygezrdjkj","man08","Approximate maximum margin algorithms with rules controlled by the number of mistakes.        ","AAAI - American Association for Artificial Intelligence ","1988","Feb","1916-1928","8","5"," Porto","Human Computer Interaction","aimvtqlmmbmhbhfhcbyravsvzajcicrqhi","qnogkjdhgkgmpdffumznovyqdzqmpjx","InProc8","Decidability, expressivity and state-space computation of Stopwatch Petri nets with discrete-time semantics.","Cellular neural networks and visual computing : foundation and applications.   ","2006","JUL","124--133","5","60"," Luanda","Parallel and Distributed Computing ","sfvboguybgsulmjybbva","dhamtqd","art8"," Bounds on the Number of $\Gamma$-Operation Edge Substitutions","Soumis","1996","Dec","1965-1981","28","12"," Dhaka","Theoretical Computer Science","avljdhlmmxuzlfowhkexhsz","didomrtagm","tech08"," Wagner's Theorem et combinatorial enumeration of 3-polytopes","California State University System ","1990","May","1115-1132","3","17"," Porto","Computer Graphics","qnvzsvikqsqzngdxoynotn","xynzldpdxdeujs"
"9","MOORE,Lucas","book9","Automated theory formation in pure mathematics.   ","Guilford Publications     ","1999","Nov","443-452","9","3"," Saint John's","Bioinformatics","ntfmkurixntnbxuukgbhodxqlxudb","mujwkpxyzkblwcnraqqscufawu","inc9","Information theoretic metric learning.        ","Automated theory formation in pure mathematics.   ","1995","Sep","1384-1388","11","3"," Buenos Aires","Programming Languages and Software Engineering","ezxruhhqoh","idjqfzkshvwn","misc09","Simple, robust, scalable semi supervised learning via expectation regularization.        ","howpub09"," Saint John's","1987","Jul","902-917","9","8"," Saint John's","Bioinformatics","vwtqxxfcsaefglpjgdzsjcnbhd","aczwlimxdrkdtfdfjiw","man09","Simpler core vector machines with enclosing balls.        ","AAAI - American Association for Artificial Intelligence ","1986","Jun","552-564","11","25"," Buenos Aires","Programming Languages and Software Engineering","muedmifcvm","nwbecadrvqywuccecswvfpl","InProc9","When are timed automata weakly timed bisimilar to time Petri nets ","Automated theory formation in pure mathematics.   ","2005","DEC","193--202","22","55"," Saint John's","Programming Languages and Software Engineering ","oavteouxiwma","ooepoxjwoleymiemfobnlpgiv","art9"," Construction Properties of Plane Triangulations,","Soumis","1991","Sep","1876-1883","17","5"," Bridgetown","Database Systems","ubtrzdrkqswhxlybeyangeuygd","akzwwmychawzttunlnmwglayujsd","tech09"," Polyhedra of Small Order et Their Hamiltonian Properties","Denver Seminary ","1991","May","1823-1832","26","10"," Buenos Aires","Computational Biology","wcsxqpbjjhvxprvbgod","amiqgdjkfzcawnzmrsrzpcyjgkovuwfn"
"10","TAYLOR,Maximus","book10","Distributed systems : concepts and design.   ","Houghton Mifflin Company     ","1988","Jan","830-841","13","1"," Buenos Aires","Computational Biology","veyutiykeytlgjrm","lrimjjxtwkhhvlqrd","inc10","An integrated approach to feature invention and model construction for drug activity prediction.        ","Distributed systems : concepts and design.   ","1982","Sep","1181-1183","16","15"," Yerevan","Software Engineering","rojuwmhsvhiszywzyqujliutvazyrst","uzejhridhvkq","misc10","Automatic shaping and decomposition of reward functions.        ","howpub10"," Buenos Aires","1986","Mar","1261-1266","8","21"," Buenos Aires","Parallel and Distributed Computing","mjxnqxjeingblapgq","ljpdmdumtsck","man10","Entire regularization paths for graph data.        ","EATCS - European Association for Theoretical Computer Science ","1994","Aug","1780-1791","12","8"," Yerevan","Theory of Computation","epriqcnkireisnsjwfyoszojjwnwlptmes","aabkcjfnzminxn","InProc10","Non-interference control synthesis for security timed automata","Distributed systems : concepts and design.   ","2005","AUG","246--259","9","56"," Buenos Aires","Theoretical Computer Science ","tmkrimm","vsuceolzsrsedcvpgtddrsefwfxkwc","art10"," Map Colour Theorem,","Australian  of Combinatorics","1989","Aug","478-481","14","19"," Minsk","Software Engineering","gayktwvgdezajdk","dvkbreijzasettcd","tech10"," Nauty Users Guide","Fort Lewis College ","1994","Dec","1897-1908","28","6"," Yerevan","Artificial Intelligence","aigzahnlasemimggzqsarjtplnxnangnnm","atzzjymsndfzms"
"11","ANDERSON,Olga","book11","Simply Visual Basic .NET. ","Jessica Kingsley Publishers     ","1999","Nov","792-798","19","2"," Yerevan","Distributed Informatics","jmcronguhnyc","wqmihynmpyepbwydaltu","inc11","Percentile optimization in uncertain Markov decision processes with application to efficient exploration.        ","Simply Visual Basic .NET. ","1984","Sep","1859-1875","29","14"," Canberra","Theory of Computation","avqlpamzdmzvb","ftfaoayjlnwzmkmgfqt","misc11","Asymmetric boosting.        ","howpub11"," Yerevan","1985","Jan","1983-1987","8","10"," Yerevan","Theoretical Computer Science","ylqgemhfpufmfuyz","dnqqazaidadxwocfrppj","man11","Discriminative Gaussian process latent variable model for classification.        ","EAPLS _ European Association for Programming Languages and Systems ","1992","Apr","933-938","9","25"," Canberra","Human Computer Interaction","nvsaspn","yfvvxggpapfughxsasbvjcgetpleovhvi","InProc11","Comparison of the expressiveness of Timed Automata and Time Petri Nets","Simply Visual Basic .NET. ","2005","SEP","131--136","25","70"," Yerevan","Universal Access","kpfyvhyjnteib","uomkpggftpwsxamhio","art11"," Some problems et results on Infinite graphs,","15th Annual Conference on Combinatorial Mathematics","1890","Mar","590-593","26","16"," Brussels","Theoretical Computer Science","ginnzamrm","imcskwbceiqjd","tech11","New algorithms to color graphs and find maximum cliques","Iliff School of Theology ","1997","Sep","1919-1932","26","15"," Canberra","Parallel and Distributed Computing","gpvjlobaufv","jzojomvxmrghm"
"12","THOMAS,Paraskeva","book12","JavaScript : pocket reference. ","John Wiley & Son","1994","Jun","977-978","3","28"," Canberra","Artificial Intelligence","yjifgtlrd","ciena","inc12","Unsupervised prediction of citation influences.        ","JavaScript : pocket reference. ","1994","Sep","1410-1426","27","29"," Vienna","Computer Graphics","fuulmiacrtol","zopajscchfszjgpclhubxmktihu","misc12","Linear and nonlinear generative probabilistic class models for shape contours.        ","howpub12"," Canberra","2000","Mar","636-652","4","8"," Canberra","Programming Languages and Software Engineering","bbkeguhhchkrlundejt","necwirbne","man12","Experimental perspectives on learning from imbalanced data.        ","ECCAI - European Coordinating Committee for Artificial Intelligence ","1985","Jun","1290-1293","14","24"," Vienna","Applied and Discrete Mathematics","hhcohgqnjcqzqjimpfhk","axhlyxggrbxvjbtt","InProc12","Comparison of Different Semantics for Time Petri Nets","JavaScript : pocket reference. ","2005","OCT","197--204","21","84"," Canberra","Applied and Discrete Mathematics","zbcoeohujxdvezmvmrx","nyclirfpnzxweunjdazlx","art12"," Construction Properties of Combinatorial Deltahedra,","Quartely  of Mathematics","1989","Jun","1448-1464","20","14"," Belmopan","Computer Graphics","bueivypwgfeawkowmicmtrehr","trbfqsb","tech12","A simple linear time algorithm for embedding maximal planar graphs","Jones International University ","1987","Nov","1073-1087","0","16"," Vienna","Parallel and Distributed Computing","ahiwivwrzdjkvucpckznsyniucwtxlqg","iwwpiqvqwxkgjhe"
"13","JACKSON,Philip","book13","Flash MX : creative web animation and interactivity.","Higher Education     ","1990","Sep","321-322","29","6"," Vienna","Parallel and Distributed Computing","mfuumqnill","lfetaxkluqynmtyxitzucdwlbadoask","inc13","Non isometric manifold learning: analysis and an algorithm.        ","Flash MX : creative web animation and interactivity.","1989","Feb","1291-1304","21","6"," Nassau","Computational Biology","zxvurdtflvuzunigibulgu","aijuccpfudffdshmduq","misc13","Bottom up learning of Markov logic network structure.        ","howpub13"," Vienna","1985","May","1204-1217","7","26"," Vienna","Human Computer Interaction","upzujhp","ojlgayvjvgquwwfdcdoip","man13","Learning from interpretations: a rooted kernel for ordered hypergraphs.        ","IBFI Schloß Dagstuhl ","1990","Jun","1163-1164","10","15"," Nassau","Computer Systems and Networks","qhhrmzjehb","yhvhrlnwikvs","InProc13","Rom'eo: A Tool for Analyzing time Petri nets","Flash MX : creative web animation and interactivity.","2005","JUL","122--135","28","0"," Vienna","Artificial Intelligence","maaifnmljgyhibpvrrgnicw","kxpfj","art13"," Maximal Planar Graphs et Diagonal Operations,","Annals of Discrete Mathematics","1979","Dec","969-980","10","1"," Porto","Parallel and Distributed Computing","ejzaptharjnxwwtrarnfpip","ypplvhhlaterrbh","tech13","Quantum clustering algorithms.    ","Mesa State College ","1995","Sep","371-373","12","17"," Nassau","Computer Systems and Networks","xadmsrlbcazlghsuhynfkkjkxae","haewqa"
"14","WHITE,Sophia","book14","Essential system administration.","McGraw-Hill Higher Education     ","1986","Aug","1517-1517","16","25"," Baku","Software Engineering","taptbkicmtgbilmlprtxoncl","jqopitqphm","inc14","Hierarchical maximum entropy density estimation.        ","Essential system administration.","2000","Mar","308-320","5","6"," Manama","Programming Languages and Methodologies","ajgydrgkfnmgdvbp","ynmxtvltuypvex","misc14","Mixtures of hierarchical topics with Pachinko allocation.        ","howpub14"," Baku","1992","Jan","1672-1677","10","15"," Baku","Computer Systems and Networks","xcpmpbhqkddfuwkaeqxadofyn","qwiogtlbmsgdifcxavutnrmpsjxf","man14","A kernel path algorithm for support vector machines.        ","IFIP - International Federation for Information Processing ","1982","Aug","1435-1443","9","24"," Manama","Theory of Computation","hegcwthuhtlxlicsgfrnbjjogvftfsxys","alrhzypwdnhlkcgwrjjs","InProc14","An efficient method for computing exact state space of Petri nets with stopwatches","Essential system administration.","2005","JUL","305--421","11","76"," Baku","Computational Biology","fmzxgipdeinfgtyyimqh","gnyptzgozarwickhxcnjlhdeygw","art14"," On a Conjecture of Foulds et Robinson about Deltahedra,","Discrete Appl. Math.","1989","Mar","1524-1526","9","0"," Buenos Aires","Computational Science","ulonrclrqjbihicfgmzvfenpjz","uugvvzzucymwwm","tech14","Learning random walks to rank nodes in graphs.     ","Metropolitan State College of Denver ","2001","Mar","275-286","4","1"," Manama","Human Computer Interaction","kiexhromihywtbiwnhycnnrisb","wzanaigwjuayjufpnr"
"15","HARRIS,Teresia","book15","Oracle SQL*Plus : pocket reference. ","Peter Lang Publishing","1993","Sep","1264-1273","2","3"," Nassau","Computational Biology","bhwrtgva","ltywbzphkekkvfhtpmbaosaj","inc15","CarpeDiem: an algorithm for the fast evaluation of SSL classifiers.        ","Oracle SQL*Plus : pocket reference. ","1983","May","129-146","13","9"," Dhaka","Programming Languages and Software Engineering","rovzqrpjs","vqhslieqmspsfwijmemxawjkmhhcdwjxk","misc15","Three new graphical models for statistical language modelling.        ","howpub15"," Nassau","1982","Nov","480-493","7","23"," Nassau","Applied and Discrete Mathematics","lejrwklxdqvdzvjttrlzifvuolt","dxtlcwaickhpduxlyidnxvpnuwlcoqeyj","man15","Dirichlet aggregation: unsupervised learning towards an optimal metric for proportional data.        ","FIFF - Forum InformatikerInnen für Frieden und gesellschaftliche Verantwortung e.V. ","1985","Jun","1618-1632","8","28"," Dhaka","Networking","vaedwpvzznn","ebpthkzzeq","InProc15","A translation based method for the timed analysis of scheduling extended time Petri nets","Oracle SQL*Plus : pocket reference. ","2004","DEC","63-92","8","17"," Nassau","Computer Graphics","nnsdclxxpgjhauxffawpucepbx","bqxvjrampzbukznfombicr","art15"," The smallest cubic graphs of girth 9,","33rd Annual Meeting of the Australian Mathematical","1987","Feb","713-714","11","14"," Yerevan","Database Systems","kiaacnglbgxbxzoyycrwwefjzolgs","jaqizougxfvmgwfpaqhhhny","tech15","Uncovering shared structures in multiclass classification.      ","Naropa University ","1991","Jun","1576-1584","21","8"," Dhaka","Computational Science","retmrfsjmcelnmfjfxwlseqxejqbxigstg","pwpze"
"16","MARTIN,Victor","book16","Handbook of geometric programming using Open Geometry GL. ","Prentice Hall","1981","Feb","1550-1558","21","7"," Manama","Network and Software Security","kyiakuynlzozygrcgjvjvg","aqrjbkbkylcjekeokfgquntanhhiqhcgxt","inc16","Amir Massoud Farahmand, Csaba Szepesvári, Jean Yves Audibert: ","Handbook of geometric programming using Open Geometry GL. ","1987","Jun","969-980","23","27"," Bridgetown","Parallel and Distributed Computing","bhzstrsqkbgymcappvawvtejonb","iaiurogjsnngrluucupvirlmmpl","misc16","Fast and effective kernels for relational learning from texts.        ","howpub16"," Manama","1981","Jun","114-132","9","2"," Manama","Applied and Discrete Mathematics","logmipiqueewko","gnksdiulyvaktaqjiyvrpsppjia","man16","Transductive regression piloted by inter manifold relations.        ","ALP - The Association of Logic Programming ","1997","Dec","91-103","12","17"," Bridgetown","Programming Languages and Methodologies","ujsqpkzduspmbssi","zqkohir","InProc16","Structural Translation from Time Petri Nets to Timed Automata","Handbook of geometric programming using Open Geometry GL. ","2004","SEP","212-218","16","25"," Manama","Computer Systems and Networks","swtbiuqomohnjnltsqtex","dghfzxdyosmxg","art16"," Un code pour les graphes planaires et ses applications,","Discrete Appl. Math","1995","Feb","614-628","12","5"," Canberra","Computer Systems and Networks","tneunpeujkjoovlmmzybvbjnxjipxq","uixjeluua","tech16","Two view feature generation model for semi supervised learning.      ","National Theatre Conservatory ","2000","Nov","297-306","18","13"," Bridgetown","Software Engineering","gmmmmgockgwjeknay","wvlehw"
"17","THOMPSON,Vladimirus","book17","Schaum's outline of theory and problems of software engineering. ","Psychology Press","1985","Mar","1541-1550","17","27"," Dhaka","Computational Biology","jvynukcvrefeidszysmj","pgiohpetxhtywghunlzosmneggmyv","inc17","Manifold adaptive dimension estimation.        ","Schaum's outline of theory and problems of software engineering. ","1991","Jul","489-498","22","19"," Minsk","Network and Software Security","mevklwvstbsomtboqviobkooexapocqnk","ayctxnqua","misc17","Dimensionality reduction and generalization.        ","howpub17"," Dhaka","1999","Nov","1578-1585","6","8"," Dhaka","Bioinformatics","trhmgzagzwbpmsrfawbg","egnedq","man17","Multifactor Gaussian process models for style content separation.        ","CSCSI - Canadian Society for Computational Studies of Intelligence ","1995","Sep","649-661","15","18"," Minsk","Programming Languages and Software Engineering","ordtrfhxpmvdnqto","qfybqjlcibavbbbemnrn","InProc17","Time Petri Nets with Inhibitor Hyperarcs. Formal Semantics and State Space Computation","Schaum's outline of theory and problems of software engineering. ","2004","JUN","34-38","26","78"," Dhaka","Database Systems","bgwxbueldqtnwgcyskc","wivqumjbfxlqrvhaeibijditnpnikswdwv","art17"," Enum?ation des graphes planaires ?l'aide de s?ies","Combinatorics Probability et Computing","1975","Jan","1875-1890","18","6"," Vienna","Computational Science","ewhhqtneqmhj","qsmzjdsmetufbnhka","tech17","Scalable training of L  regularized log linear models.      ","Nazarene Bible College ","1988","Apr","1217-1232","15","16"," Minsk","Distributed Informatics","piznrhchaebvxmixjjctbhomkts","aojxbmoilfwlknkabajrvbickdv"
"18","GARCIA,Xenia","book18","Java Web services for experienced programmers. ","Sage Publications     ","1984","Apr","404-419","1","25"," Bridgetown","Programming Languages and Software Engineering","npkobdjrulfadursgybymzuvrsskd","fzcuemith","inc18","Combining online and offline knowledge in UCT.        ","Java Web services for experienced programmers. ","1982","Aug","1158-1164","16","3"," Brussels","Theoretical Computer Science","wogkdqygkqbkbbwwzhuslexgnkdsytf","wvlmlgbokfyyhbvcqhurczvmgyxzopntuw","misc18","Unsupervised estimation for noisy channel models.        ","howpub18"," Bridgetown","1986","Jun","289-299","10","14"," Bridgetown","Computational Science","kfvvfbfnfbwgartiiq","nclntingngddq","man18","Hybrid huberized support vector machines for microarray classification.        ","IJCAI - International Joint Committee on Artificial Intelligence (IJCAI-95) ","1994","Aug","1242-1248","15","20"," Brussels","Network and Software Security","nvhhewjs","mfgkkyhjdqdnolufpexxlonvhknrilnf","InProc18","State class Timed Automaton of a Time Petri Net","Java Web services for experienced programmers. ","2003","SEP","59--76","3","43"," Bridgetown","Human Computer Interaction","rlpczdjtogcvhkbfkikmewzkaehssemlrb","labdoyxpekkehlyc","art18"," Planar maps are well labeled trees,","Soci??Math?atique de France","1972","Jan","1751-1752","24","4"," Baku","Parallel and Distributed Computing","mznflopwkiwqoejwfjcxpijgicjna","mvdegyqjwaewxqs","tech18","Multiclass core vector machine.      ","Arkansas Baptist College ","1997","Dec","726-733","20","19"," Brussels","Software Engineering","oxvmskbwjzm","yqlutapfdi"
"19","MARTINEZ,Thomas","book19","Schaum's outline of operating systems","Springer     ","1993","Mar","1974-1975","24","5"," Minsk","Database Systems","kzszocerxynvpapnsgacayvxhl","umgfquhbegwkb","inc19","Robust non linear dimensionality reduction using successive   dimensional Laplacian Eigenmaps.        ","Schaum's outline of operating systems","1986","Nov","1131-1132","10","23"," Belmopan","Numerical Analysis","zzpscamhlzbrciti","cdyuleadilbhpa","misc19","Revisiting probabilistic models for clustering with pair wise constraints.        ","howpub19"," Minsk","1989","Jan","780-794","8","23"," Minsk","Programming Languages and Software Engineering","syckwwcmtjxjzpje","vseslkxogjip","man19","On learning with dissimilarity functions.        ","MAA - Mathematical Association of America ","1993","Nov","154-166","9","24"," Belmopan","Applied and Discrete Mathematics","wcaxpxbyuyifyg","bozehxwjmjplyytzmzdlp","InProc19","Expressiveness and analysis of scheduling extended time Petri nets","Schaum's outline of operating systems","2003","JUL","182--194","30","26"," Minsk","Numerical Analysis","arpctxhvamzhzmifjyglns","tckymtptjqcqtpaepj","art19"," Fast generation of cubic graphs,","Discrete Math.","1981","Jan","568-583","13","14"," Nassau","Database Systems","svxoclqjorrruzpbsgccul","uhrthnspvaijw","tech19","The rendezvous algorithm: multiclass semi supervised learning with Markov random walks.      ","Arkansas State University ","1983","May","1418-1430","27","8"," Belmopan","Numerical Analysis","wrryxugupbdvcalaomwj","jxjvxanmdfroqhzvmwdgrachnpnyfmnn"
"20","SMITH,Pantaleon","book20","OpenGL game programming.","Westview Press     ","1995","Mar","523-528","4","8"," Brussels","Universal Access","vjrajpcrn","ejybvtrmolzqbqrhywbruhbazensz","inc20","Gradient boosting for kernelized output spaces.        ","OpenGL game programming.","1991","Oct","1270-1277","2","12"," Porto","Networking","dksicnanqndabrmsgsugwcywzfmijsye","xzufubsvqugye","misc20","Comparisons of sequence labeling algorithms and extensions.        ","howpub20"," Brussels","1999","Jul","1464-1472","7","27"," Brussels","Applied and Discrete Mathematics","cgnnb","rxyxeidviebrtdhkgdgavkfutpnxa","man20","Winnowing subspaces.         ","ODMG - Object Database Management Group ","1992","Dec","548-552","7","8"," Porto","Human Computer Interaction","wdobmjkdgzwdcxwqlcoflcjkepkus","voxlqmrxnylfbqipveiunxbzwciny","InProc20","A zone-based method for Computing the State Space of a Time Petri Net","OpenGL game programming.","2003","SEP","372--391","6","3"," Brussels","Programming Languages and Methodologies","mnugypbkyxmwghanfoojcejqhtjaraxj","krdfkzko","art20"," A bijective census of rooted planars maps,","Can. J. Math.","1996","Aug","282-282","22","15"," Manama","Bioinformatics","cprhreunnkqjppkspynva","bhatqjirgwypptgi","tech20","Focused crawling with scalable ordinal regression solvers.      ","Arkansas Tech University ","1986","Sep","642-643","29","3"," Porto","Theory of Computation","rctoxqeskiu","ahmprqlwzqof"
"21","SMITH,Alexius","book21","Programming with Java : based on Schaum's outline of programming with Java. ","W. W. Norton & Company     ","1986","May","817-834","26","11"," Belmopan","Computer Systems and Networks","knyapxvnsqvqpkewhjgzn","ionmljleexjbvhnpptcpvpkhhmlyfo","inc21","Bayesian actor critic algorithms.        ","Programming with Java : based on Schaum's outline of programming with Java. ","1993","Jul","1441-1451","7","15"," Buenos Aires","Computational Science","dtyvjiddpfoqvsjdmkkbpmpcr","qdxitglyupttycpdfzovffpfyixcnis","misc21","Multi task learning for sequential data via iHMMs and the nested Dirichlet process.        ","howpub21"," Belmopan","2000","Jan","1697-1698","4","9"," Belmopan","Theory of Computation","xywticqrheeqdoq","tbmxenjg","man21","What is decreased by the max sum arc consistency algorithm?          ","Object-Orientation Ph.D. Network ","1992","Aug","1909-1916","2","5"," Buenos Aires","Networking","uzjxxiynymlodbdlqumsnsmu","kmgqfsehzqjgawhflvap","InProc21","Semantics of Biological Regulatory Networks","Programming with Java : based on Schaum's outline of programming with Java. ","2003","SEP","125--131","15","7"," Belmopan","Software Engineering","axmvffpfyyntmkfaysjinnmwig","xsmiebcatezqlubmps","art21"," Electronic et steric factors in the stability of","To appear in  of Graph Theory","1970","May","35-38","10","4"," Dhaka","Computer Graphics","ydcbnpzzpmgjjwuj","yzlma","tech21","Learning distance function by coding similarity.      ","Central Baptist College ","1988","Aug","1857-1864","6","19"," Buenos Aires","Computer Graphics","anusaloftsmgkmzmd","ururedhbgq"
"22","JOHNSON,Blasius","book22","Queueing systems. ","Allyn & Bacon/Longman   ","1996","Apr","1355-1361","29","1"," Porto","Computational Biology","zevtrtdfnfgrjanqwokfvazocjvwl","ehmcnuhtcvzcknedsqsxmrluvjhq","inc22","Exponentiated gradient algorithms for log linear structured prediction.        ","Queueing systems. ","1982","Mar","1109-1126","4","17"," Yerevan","Programming Languages and Methodologies","pfbkzdvwh","sgxppv","misc22","Regression on manifolds using kernel dimension reduction.        ","howpub22"," Porto","1994","Aug","845-855","7","7"," Porto","Network and Software Security","nzjucvibkefv","rsmkpnjqrfljeigmvhqh","man22","Multi task reinforcement learning: a hierarchical Bayesian approach.          ","AAAI - American Association for Artificial Intelligence ","1995","Jun","1503-1511","1","7"," Yerevan","Applied and Discrete Mathematics","jgmtii","oiznxwsrwskcuw","InProc22","Analyzing temporal constraints with binary decision diagrams","Queueing systems. ","2000","OCT","194--201","16","75"," Porto","Theory of Computation","kxhxwtofpagt","guaxfkndrbc","art22"," A constructive Enumeration of Fullerenes,","Communication at Ontario Math. Conference","1995","Dec","31-37","10","0"," Bridgetown","Network and Software Security","nlifmtcegtuzo","gqxqoqzqmhphyx","tech22","Structural alignment based kernels for protein structure classification.      ","Harding University ","1986","Jul","1886-1904","24","19"," Yerevan","Computer Graphics","zjheusqbe","zsxoiutzmatxaydsgnzyoikx"
"23","WILLIAMS,Carolus","book23","Schaum's outline of fundamentals of relational databases. ","Annual Reviews    ","1990","Sep","294-294","13","12"," Thimphu","Network and Software Security","sxxieeukhkhopfcbxexwtyxnxzj","ijkmda","inc23","Best of both: a hybridized centroid medoid clustering heuristic.        ","Schaum's outline of fundamentals of relational databases. ","1991","Jan","1016-1016","20","19"," Canberra","Computer Systems and Networks","yaqhdwgwbbtniixtrbtcmvtknve","kqhbmtc","misc23","Learning state action basis functions for hierarchical MDPs.        ","howpub23"," Thimphu","2000","Oct","320-336","9","9"," Thimphu","Theory of Computation","spwmhuwikj","hwxgezwdiovihyehjpfykbivacps","man23","Beamforming using the relevance vector machine.          ","ACL - Association for Computational Linguistics ","1999","Oct","1401-1419","1","7"," Canberra","Database Systems","qfxvsdgwzspiptcncasbfdoulretsr","kcagdebeludvpqevtivtuhlvzhstgp","InProc23","Discrete Time approach of Time Petri net for real-Time Systems Analysis","Schaum's outline of fundamentals of relational databases. ","2001","OCT","236--260","3","70"," Thimphu","Applied and Discrete Mathematics","xrkavqtxrttxfjxkjlxerxzga","hwutdfafmodsznq","art23"," PentHex Puzzles: A reliable et Efficient Top-Down Approach to Untersuchungen zum Vierfarbenproblem, ","The Chemical Physics of the Fullerenes","1996","Oct","1372-1387","20","17"," Minsk","Distributed Informatics","ojkcrhhc","cknwyoruzb","tech23","Discriminative learning for differing training and test distributions.      ","Henderson State University ","1983","Jun","1096-1110","7","19"," Canberra","Applied and Discrete Mathematics","ksiyoqbrmioau","yrjlachotiqkoopujf"
"24","JONES,Demetrius","book24","Macromedia Flash MX : creating dynamic applications. ","Bedford, Freeman & Worth","1983","Mar","1592-1596","8","12"," Praia","Bioinformatics","yxwrs","ujuykrpjrvzhuctavnqssqcda","inc24","Recovering temporally rewiring networks: a model based approach.        ","Macromedia Flash MX : creating dynamic applications. ","1999","Mar","1237-1247","15","8"," Vienna","Applied and Discrete Mathematics","jpsfaenuqvhngddpdmudpbpjj","xuudlojngniybxntmpjrwjltevhijq","misc24","A fast linear separability test by projection of positive points on subspaces.        ","howpub24"," Praia","1986","Mar","266-271","2","18"," Praia","Programming Languages and Methodologies","kyemjona","jwulhdxasjjddhpevcksgzojydhqqrjw","man24","Learning to combine distances for complex representations.          ","ACS - Australian Computer Society ","1989","Oct","320-334","8","30"," Vienna","Human Computer Interaction","jkgwfiuzscnokscoaxkyrrvb","bvdmpisckrhhsntt","InProc24","Improving the calculus of the marking graph of Petri Net with BDD like structure","Macromedia Flash MX : creating dynamic applications. ","2002","AUG","131--136","28","98"," Praia","Artificial Intelligence","tqskbhlffotsxmdtkbjjjtmkgnfc","inmxmepqdug","art24"," The reducibility of maps, ","Submitted to J. of Alg.","1996","Dec","448-461","29","8"," Brussels","Bioinformatics","tszosvo","kzyrvgnlgfpusgrr","tech24","Solving multiclass support vector machines with LaRank.      ","Hendrix College ","1995","Feb","178-180","18","23"," Vienna","Parallel and Distributed Computing","tsvgypyxhexfmhqdwvdhigyzrjeceso","bquxubt"
"25","BROWN,Franciscus","book25","Schaum's outline of HTML. ","Publishing Group     ","1995","Jun","797-803","1","12"," Sarajevo","Computer Systems and Networks","mlqdjqfhcdjrf","uhspgiwyeqvqk","inc25","Efficient inference with cardinality based clique potentials.        ","Schaum's outline of HTML. ","1989","Jan","1754-1764","9","18"," Belmopan","Networking","mcemueltqahicsdzboarlymskmsvmsaga","bqlwtfszsprovtbhizfmrf","misc25","Multi armed bandit problems with dependent arms.        ","howpub25"," Sarajevo","2001","Dec","1490-1491","6","13"," Sarajevo","Artificial Intelligence","qbnveiiptjhfpxxhpxgrut","dwhbbwvrlmgxrofqxcqpzvxishgga","man25","Local learning projections.          ","BCS - The British Computer Society ","1989","Aug","714-724","7","17"," Belmopan","Parallel and Distributed Computing","qkvidkecrnjz","knsqjdopybtlubiizb","InProc25","Coupling Binary Decision Diagrams with Time Petri  Net","Schaum's outline of HTML. ","2000","MAY","197--204","19","25"," Sarajevo","Computational Biology","uciwzkv","imlxrazddjszvlvdhogcmwxih","art25"," Une contribution au probl\`eme des quatre couleurs,","PNAS","1969","Apr","33-50","2","13"," Belmopan","Programming Languages and Software Engineering","hsjeqtalwriuatjdrnqsfz","yimwmjlysswoafofmwhmsxgpqb","tech25","Efficiently computing minimax expected size confidence regions.       ","John Brown University ","1994","Oct","15-33","4","27"," Belmopan","Parallel and Distributed Computing","axvtuhsrwcqpotsyinmigoklqyyepzrp","clmbsckszuyiqoqoofxokxsyvxtp"
"26","DAVIS,Josepha","book26","Linux for Windows administrators. ","Blackwell Publishing     ","1994","Nov","516-524","27","26","Washington DC","Theory of Computation","eqfeycyiewpg","fulirzilafrh","inc26","Sparse probabilistic classifiers.        ","Linux for Windows administrators. ","1983","Jul","242-250","14","14"," Porto","Computer Systems and Networks","dxteisxzgxusuxkenbskkgk","plsljtcxekmoknjgpljdqxwbfofwro","misc26","Learning for efficient retrieval of structured data with noisy queries.        ","howpub26","Washington DC","1999","Jul","223-235","2","6","Washington DC","Computer Systems and Networks","bbftabafbevbofkijzqsdan","lmqltzfgwu","man26","On learning linear ranking functions for beam search.          ","OCG - Austrian Computer Society ","1984","Jun","1774-1786","10","16"," Porto","Computer Systems and Networks","irkladvn","gzgtcehryeiafgthuurvcl",,,,,,,,,,,,,"art26"," La th\'eorie de Ramsey,"," Hochschulskriptum 810/a/b  Bibliographisches Institut Mannheim","1913","Dec","1380-1385","6","6"," Porto","Bioinformatics","hcpotgsjcmasoeyoxchg","kvmymk","tech26","Multiple instance learning for sparse positive bags.        ","Lyon College ","1991","Dec","1447-1447","11","28"," Porto","Universal Access","fczlevaubearucsyox","gyrcrqyavjvj"
"27","MILLER,Leo","book27","Red Hat Linux 8 bible. ","Cengage Learning","1987","Jul","607-618","17","8","Ottawa","Programming Languages and Methodologies","nwemuaceglljsndbprke","etewippyhvr","inc27","Supervised clustering of streaming data for email batch detection.        ","Red Hat Linux 8 bible. ","1990","Feb","880-890","16","6"," Buenos Aires","Computer Graphics","pqcagtosfacfctgt","pfzkyjtrseotaibqcgwyj","misc27","Analyzing feature generation for value function approximation.        ","howpub27","Ottawa","1984","Jul","399-400","1","27","Ottawa","Theory of Computation","evfykeijnhgymyzgiafzvrvamyyprac","kovahvgcpecppuutjrlwdqza","man27","Modeling changing dependency structure in multivariate time series.          ","SI - Schweizer Informatiker Gesellschaft (Swiss Informaticians Society) ","1994","Jan","22-25","12","16"," Buenos Aires","Applied and Discrete Mathematics","puwdiylpkgrr","yudacmvqeyjfchkhynlkyv",,,,,,,,,,,,,"art27"," A graph colouring algorithm for large scheduling problems,"," Amer. J. Math","1925","Jan","1514-1515","4","15"," Buenos Aires","Computational Science","zpkaziucgpcsic","pgkrkndsjgzni","tech27","Cluster analysis of heterogeneous rank data.        ","Ouachita Baptist University ","1987","Mar","255-273","16","29"," Buenos Aires","Programming Languages and Methodologies","jplgueanmdizteyvexioiwfmzeqh","iqehkpbnfpqma"
"28","WILSON,Lucas","book28","Official Red Hat Linux administrator's guide. ","Elsevier      ","1982","Dec","784-786","29","28","Bejing","Numerical Analysis","pyrdybzuqzwrcymmdtozpgyrwjgzzvyqr","jmcfddyxtzrmvijlamocyozwtpngmuqg","inc28","A bound on the label complexity of agnostic active learning.        ","Official Red Hat Linux administrator's guide. ","1992","Sep","1259-1271","3","22"," Yerevan","Parallel and Distributed Computing","plpulu","wzjdteuzblhohdae","misc28","Reinforcement learning by reward weighted regression for operational space control.        ","howpub28","Bejing","1998","Jun","1669-1683","6","9","Bejing","Theoretical Computer Science","pqsuelvkllfjsfifzjtdonpublz","xffyabrcsvciqisoakchhmayrla","man28","The matrix stick breaking process for flexible multi task learning.          ","CRA - Computing Research Association ","1991","Dec","745-763","9","30"," Yerevan","Network and Software Security","mepwxytxcxwi","picnkztqycfmdgkgp",,,,,,,,,,,,,"art28"," Every one a winner,","Bull. de la soc. Math. de France","1990","Mar","1087-1097","1","19"," Yerevan","Parallel and Distributed Computing","vlrvsomokbpazqyxnxvjawproobfugdbus","itcyqqjzmcdrobnvttjymudn","tech28","Feature selection in a kernel space.        ","Philander Smith College ","1982","Nov","1149-1158","14","12"," Yerevan","Theory of Computation","tcwmaoreitogqzkeyraxincpyqsrh","bcloueznlkwc"
"29","MOORE,Maximus","book29","OpenGL programming guide : the official guide to learning OpenGL, version 1.2. ","Greenwood Publishing Group","1989","Aug","582-601","29","27"," Kabul","Theory of Computation","sgqbcmnktmbnnlmppuinmoaxlu","oexiruhlmorynpl","inc29","Learning nonparametric kernel matrices from pairwise constraints.        ","OpenGL programming guide : the official guide to learning OpenGL, version 1.2. ","1997","Feb","210-226","25","28"," Canberra","Computational Biology","dfusycxdzvbstemnavhbbuccd","hiheegrho","misc29","Tracking value function dynamics to improve reinforcement learning with piecewise linear function approximation.        ","howpub29"," Kabul","1984","Jan","494-506","2","9"," Kabul","Network and Software Security","pawmqtirxpeulbhpavsyickqoidytcf","jijnfsqzzljxnfsrdhqcemjdfushtift","man29","Map building without localization by dimensionality reduction techniques.          ","CPSR - Computer Professionals for Social Responsibility ","1987","May","641-650","6","29"," Canberra","Human Computer Interaction","zyuxixwmqon","qfbyxyonmgmybdm",,,,,,,,,,,,,"art29"," Efficient Planarity Testing,","Pour la Science","1979","Oct","1145-1160","15","7"," Canberra","Numerical Analysis","xaovstxodmg","lorvhzdxidsebdzsf","tech29","Learning to rank: from pairwise approach to listwise approach.        ","Southern Arkansas University ","1992","Oct","895-914","4","27"," Canberra","Programming Languages and Methodologies","sdqmtbdlshrrbdejksupowpnesfdygsdsi","wnzefyc"
"30","TAYLOR,Olga","book30","Security technologies for the World Wide Web. ","Guilford Publications     ","1985","Sep","1013-1020","9","11"," Tirane","Computer Graphics","hbijcjlpnnuzzdhzaligggx","ulnjpfhqabjvbcykbbnxqggewtnc","inc30","Parameter learning for relational Bayesian networks.        ","Security technologies for the World Wide Web. ","1995","Aug","1357-1360","7","11"," Vienna","Numerical Analysis","dcrwwittishao","fzbvlquvn","misc30","Self taught learning: transfer learning from unlabeled data.        ","howpub30"," Tirane","1993","Nov","1205-1213","8","16"," Tirane","Programming Languages and Software Engineering","whabxl","eczvbrpadukrfmvmzunebzqg","man30","Keisuke Yamazaki, Motoaki Kawanabe, Sumio Watanabe, Masashi Sugiyama, Klaus Robert Müller: ","EATCS - European Association for Theoretical Computer Science ","1984","Jul","958-958","15","30"," Vienna","Universal Access","uvmkmsekmo","bhnpkovxcnyaxyigfrkkmejjmsihfewf",,,,,,,,,,,,,"art30"," On straight Lines Representation of Planar Graphs,","  of Research of the National Bureau of Standards","1978","Sep","385-396","26","13"," Vienna","Theoretical Computer Science","cujixlqpisczz","jsbqp","tech30","Local similarity discriminant analysis.        ","University of Arkansas System","1987","Jan","1036-1048","21","19"," Vienna","Applied and Discrete Mathematics","nlhqiiwvtmbwojqayflxmrzfgp","farggnrdofxhiowppzmybfllp"
"31","ANDERSON,Paraskeva","book31","Sams teach yourself SQL in 24 hours","Houghton Mifflin Company     ","1998","Jul","122-138","9","12"," Algiers","Database Systems","xjblmdwgjawwooqiigfz","ryvaumeotwbzuzokcdf","inc31","Bayesian compressive sensing and projection optimization.        ","Sams teach yourself SQL in 24 hours","1983","Oct","1139-1149","12","19"," Nassau","Artificial Intelligence","njpwwpfqayrrkelbncsxvyiqd","dtwtmtwfwpbgdywxiry","misc31","Online discovery of similarity mappings.        ","howpub31"," Algiers","1988","Feb","204-217","2","19"," Algiers","Programming Languages and Software Engineering","ctsvszfulrvvuyyyvgkgldf","fawyf","man31","Asymptotic Bayesian generalization error when training and test distributions are different.          ","EAPLS _ European Association for Programming Languages and Systems ","2000","Jun","1275-1287","5","25"," Nassau","Distributed Informatics","vppyzshkftetmsosdetbuz","rnapsksuc",,,,,,,,,,,,,"art31"," Convex Maps,","Annals Discrete Math.","1974","Jan","731-735","28","13"," Baku","Parallel and Distributed Computing","bntxomjbaqqkecgrdyspzvaoyodxbwp","abqoujwncpoxfhyswrwebavpugp",,,,,,,,,,,,
"32","THOMAS,Philip","book32","Security complete","Jessica Kingsley Publishers     ","1999","Aug","749-761","13","24"," Andorra la Vella","Computer Graphics","rerxkblbdamlbbmofbmahrrozzyt","wuxelzrqtcfmacqevgohvebkixzsgegu","inc32","Constructing basis functions from directed graphs for value function approximation.        ","Security complete","1999","May","1985-2004","1","14"," Manama","Computer Systems and Networks","yqbinkbjqcpewjjxna","pewrboyqxxfes","misc32","More efficiency in multiple kernel learning.        ","howpub32"," Andorra la Vella","1998","Jun","706-709","3","19"," Andorra la Vella","Numerical Analysis","rbpqmanbwlv","dmuakpqgtwilxysmveudihkggmxr","man32","Least squares linear discriminant analysis.          ","ECCAI - European Coordinating Committee for Artificial Intelligence ","1994","Aug","1487-1496","2","11"," Manama","Computational Science","yhswnhdbamhuaosfanoroswn","jrjqzjlefaytkmn",,,,,,,,,,,,,,,,,,,,,,,,,,,,,,,,,,,,
"33","JACKSON,Sophia","book33","Creating Web pages for dummies.","John Wiley & Son","1986","Oct","881-898","19","21"," Luanda","Parallel and Distributed Computing","hvxyvbjaoocngyyxutk","veytwvdvcgemzfcrkiifghyjxxldb","inc33","Most likely heteroscedastic Gaussian process regression.        ","Creating Web pages for dummies.","1995","Feb","338-339","3","5"," Dhaka","Computational Science","bdsutn","wfpwnwk","misc33","Graph clustering with network structure indices.        ","howpub33"," Luanda","1982","May","1272-1284","6","18"," Luanda","Applied and Discrete Mathematics","worzxaksdryu","unozkqobjvxiskfghwunyyhiltlexlpo","man33","Discriminant kernel and regularization parameter learning via semidefinite programming.          ","IBFI Schloß Dagstuhl ","1999","Jul","1063-1081","1","19"," Dhaka","Human Computer Interaction","iwybqxqclyeoplpwrjizclbguvn","ftsurjvewsbniameppxswtfaaxxmz",,,,,,,,,,,,,,,,,,,,,,,,,,,,,,,,,,,,
"34","WHITE,Teresia","book34","Database programming with Visual Basic .NET. ","Higher Education     ","1992","Jun","1031-1046","10","29"," Saint John's","Distributed Informatics","nwkwzufiqrrrnakhgpnja","afpmmqyrevarsval","inc34","Neighbor search with global geometry: a minimax message passing algorithm.        ","Database programming with Visual Basic .NET. ","1984","Aug","1563-1580","28","17"," Bridgetown","Database Systems","dnwol","xkzkelibfuxfwgjgsptehwztliybzcqg","misc34","Restricted Boltzmann machines for collaborative filtering.        ","howpub34"," Saint John's","1985","Nov","241-249","5","3"," Saint John's","Bioinformatics","foixsghddbhiyfgjoeuhcjjqtrhmz","fwtltlncxurvjyj","man34","Robust multi task learning with t processes.          ","IFIP - International Federation for Information Processing ","1989","Apr","1030-1035","15","17"," Bridgetown","Network and Software Security","tdqmlplzvxk","wocawpbwpjeafnjpuiedopwkgi",,,,,,,,,,,,,,,,,,,,,,,,,,,,,,,,,,,,
"35","HARRIS,Victor","book35","HTML 4 for dummies.","McGraw-Hill Higher Education     ","1983","Mar","225-243","15","29"," Buenos Aires","Theory of Computation","edomxahbnwhzyczqxgscykkwf","iqqzt","inc35","A recursive method for discriminative mixture learning.        ","HTML 4 for dummies.","2001","Feb","1948-1967","6","15"," Minsk","Programming Languages and Software Engineering","ttxnaodhaidixigbyizplbadcax","pknbur","misc35","Sample compression bounds for decision trees.        ","howpub35"," Buenos Aires","1996","Jul","1178-1181","7","14"," Buenos Aires","Computer Graphics","acousdsxgm","rralerzjeuwvhcl","man35","On the value of pairwise constraints in classification and consistency.          ","ISO - International Organization for Standardization ","1996","Jun","372-376","1","21"," Minsk","Numerical Analysis","kmzar","knzrwhft",,,,,,,,,,,,,,,,,,,,,,,,,,,,,,,,,,,,
"36","MARTIN,Vladimirus","book36","Schaum's outline of theory and problems of computer networking.","Peter Lang Publishing","2001","Mar","635-644","23","2"," Yerevan","Computer Systems and Networks","gakmeofpfemndjjsgvpmmmgykdz","tivprjgkcwfkonanbbyzvdeirergug","inc36","Infinite mixtures of trees.        ","Schaum's outline of theory and problems of computer networking.","1988","Jan","540-548","17","12"," Brussels","Theoretical Computer Science","poetydckrrp","ppzwpcdepfpfmbew","misc36","Pegasos: Primal Estimated sub GrAdient SOlver for SVM.        ","howpub36"," Yerevan","1997","Feb","1208-1218","7","10"," Yerevan","Numerical Analysis","ltcarvllr","bsypacpmbc","man36","Maximum margin clustering made practical.          ","ISOC - Internet Society ","1988","Jul","1641-1652","15","24"," Brussels","Computational Science","zanvymwjmxcrblfurmgewztxwtesznibg","csmfusjkyrlahuufpvjmlxbc",,,,,,,,,,,,,,,,,,,,,,,,,,,,,,,,,,,,
"37","THOMPSON,Xenia","book37","Schaum's outline of theory and problems of XML.","Prentice Hall","1986","Jan","1213-1230","13","28"," Canberra","Applied and Discrete Mathematics","vbkkwqoubdvwphpyiccafrldjwjphvql","iqzijiie","inc37","Local dependent components.        ","Schaum's outline of theory and problems of XML.","1989","Feb","169-179","28","14"," Belmopan","Numerical Analysis","czjeyejminkvrcfclghmockhyvujufmy","fquyovnf","misc37","A dependence maximization view of clustering.        ","howpub37"," Canberra","1999","Nov","1092-1106","8","16"," Canberra","Universal Access","clyenkjhtdspncpkmimpvolcjzja","wiqnzdoqw","man37","Nonlinear independent component analysis with minimal nonlinear distortion.          ","KR - Principles of Knowledge Representation and Reasoning, Inc. ","1995","Nov","864-869","6","7"," Belmopan","Parallel and Distributed Computing","khzxikbmskunfzsi","yiqzkipmbtnregotkwvqzrfobbzmidsov",,,,,,,,,,,,,,,,,,,,,,,,,,,,,,,,,,,,
"38","GARCIA,Thomas",,,,,,,,,,,,,"inc38","Statistical predicate invention.        ","Granular computing : an introduction. ","1991","Oct","745-745","3","11"," Porto","Software Engineering","irxavpltbqjgcxonlm","riramcdfzbsnjqzfann","misc38","Supervised feature selection via dependence estimation.        ","howpub38"," Andorra la Vella","1995","May","1017-1025","3","2"," Andorra la Vella","Theory of Computation","dqqwkqzlgvmpasb","voqgrlndvrgrtihdyvpsd","man38","Wei Zhang, Xiangyang Xue, Zichen Sun, Yue Fei Guo, Hong Lu: ","Russian Academy of Sciences ","1990","Sep","1649-1655","9","27"," Porto","Numerical Analysis","dmydqhxqkggzosnnjeaiagck","kdsacjlacuqepx",,,,,,,,,,,,,,,,,,,,,,,,,,,,,,,,,,,,
"39","MARTINEZ,Pantaleon",,,,,,,,,,,,,"inc39","Kernelizing PLS, degrees of freedom, and efficient model selection.        ","The five-minute interview : a job hunter's guide to a successful interview. ","1989","Feb","1592-1598","1","26"," Buenos Aires","Human Computer Interaction","jgyijaeyzuinwgezbpdnbrx","livqd","misc39","Sparse eigen methods by D.C. programming.        ","howpub39"," Luanda","1990","Mar","1166-1183","3","28"," Luanda","Computer Systems and Networks","bfatlhuqrlru","eqzltihvsxeshersxc","man39","Optimal dimensionality of metric space for classification.          ","USENIX ","1993","Aug","339-339","5","9"," Buenos Aires","Human Computer Interaction","xoicw","rtqsdcniecbpjhkwafxz",,,,,,,,,,,,,,,,,,,,,,,,,,,,,,,,,,,,
"40","ROBINSON,Adam",,,,,,,,,,,,,"inc40","Nonmyopic active learning of Gaussian processes: an exploration exploitation approach.        ","Schaum's outline of UML. ","1994","Jan","695-698","11","21"," Yerevan","Human Computer Interaction","vlutphtoosersyanxfqmtbxwlvt","lhgiplwxsbacpcsbgzbon","misc40","Learning to solve game trees.        ","howpub40"," Saint John's","1999","Jan","1355-1360","6","8"," Saint John's","Bioinformatics","ceenvrwrnr","gclntzrwpzorrq","man40","Conditional random fields for multi agent reinforcement learning.          ","W3C - The World Wide Web Consortium ","1990","Feb","1821-1826","2","29"," Yerevan","Network and Software Security","vpsoojzlptybyni","igdodakomsrqlxvjb",,,,,,,,,,,,,,,,,,,,,,,,,,,,,,,,,,,,
"41","SMITH,Blasius",,,,,,,,,,,,,"inc41","On one method of non diagonal regularization in sparse Bayesian learning.        ","Microsoft Windows XP inside out.  ","1997","Aug","1353-1359","16","1"," Canberra","Database Systems","vxnwaiyylveisbusxlnmrclensnszte","pvwiyvrrqqknbdkjacstdnyssqpm",,,,,,,,,,,,,,"man41","Spectral feature selection for supervised and unsupervised learning.          ","WEB Society ","2001","Jan","1046-1063","4","10"," Canberra","Parallel and Distributed Computing","oefrymlhbcmifgjhkifvfrbrxaqlyoif","ianvnojbetadxxrzdvsyirgufug",,,,,,,,,,,,,,,,,,,,,,,,,,,,,,,,,,,,
"42","JOHNSON,Carolus",,,,,,,,,,,,,"inc42","Online kernel PCA with entropic matrix updates.        ","Computer systems : a programmer's perspective. ","1989","Mar","701-720","29","11"," Vienna","Parallel and Distributed Computing","pfhkxycdhexexwzsidglwohgidd","kjaqstmcynquynrjyowpuqhkpuemq",,,,,,,,,,,,,,"man42","Spectral clustering and transductive learning with multiple views.          ","WARIA - Workflow And Reengineering International Association ","1983","Jun","1482-1501","13","18"," Vienna","Theory of Computation","eyzxekhgztuabqefkvkuml","poffxpebc",,,,,,,,,,,,,,,,,,,,,,,,,,,,,,,,,,,,
"43","WILLIAMS,Demetrius",,,,,,,,,,,,,"inc43","An empirical evaluation of deep architectures on problems with many factors of variation.        ","Schaum's outline of computer architecture.","1985","Jul","1243-1254","27","22"," Nassau","Parallel and Distributed Computing","dnwfqzebcwfgksuwtvvcbupxlfm","hjhly",,,,,,,,,,,,,,"man43","On the relation between multi instance learning and semi supervised learning.          ","SCCC - The Chilean Computer Society ","1992","Jan","782-784","9","7"," Nassau","Artificial Intelligence","rgoeuczyfdjefmagicsknsv","qqaoduwhyazwggkpyxdxjkxdpw",,,,,,,,,,,,,,,,,,,,,,,,,,,,,,,,,,,,
"44","JONES,Franciscus",,,,,,,,,,,,,"inc44","Hierarchical Gaussian process latent variable models.        ","Creating your own great DVDs & CDs : the official hp guide.   ","2000","Jul","34-39","21","8"," Manama","Programming Languages and Software Engineering","gxjejjffrgf","hhycqodqchuruoskhqte",,,,,,,,,,,,,,"man44","Jun Zhu, Zaiqing Nie, Bo Zhang, Ji Rong Wen: ","IACR - International Association for Cryptologic Research ","1999","Dec","276-286","10","18"," Manama","Bioinformatics","uudztodnzdtzleugcqltwpdg","rabmot",,,,,,,,,,,,,,,,,,,,,,,,,,,,,,,,,,,,
"45","BROWN,Josepha",,,,,,,,,,,,,"inc45","Su In Lee, Vassil Chatalbashev, David Vickrey, Daphne Koller: ","Cellular neural networks and visual computing : foundation and applications.   ","1998","Jul","1292-1303","5","6"," Dhaka","Bioinformatics","aoihlivxiizcfxcwknn","zxemftvhxiadbmwwf",,,,,,,,,,,,,,"man45","Dynamic hierarchical Markov random fields and their application to web data extraction.          ","ASIS - American Society for Information Science ","1995","Nov","1884-1887","5","9"," Dhaka","Theoretical Computer Science","oyizgomsgwvryurtmhildse","suxhvsggnxxow",,,,,,,,,,,,,,,,,,,,,,,,,,,,,,,,,,,,
"46","DAVIS,Leo",,,,,,,,,,,,,"inc46","Learning a meta level prior for feature relevance from multiple related tasks.        ","Automated theory formation in pure mathematics.   ","1993","Sep","1226-1226","13","12"," Bridgetown","Applied and Discrete Mathematics","nfukwkmvzftvh","vrfyjzsppyjadovuhi",,,,,,,,,,,,,,"man46","Transductive support vector machines for structured variables.          ","EFF - The Electronic Frontier Foundation ","1988","Sep","501-516","15","22"," Bridgetown","Parallel and Distributed Computing","lmozyqsweoayzxfumatd","iwkpdufjlrywjknnhphj",,,,,,,,,,,,,,,,,,,,,,,,,,,,,,,,,,,,
"47","MILLER,Lucas",,,,,,,,,,,,,"inc47","Scalable modeling of real graphs using Kronecker multiplication.        ","Distributed systems : concepts and design.   ","1987","Sep","1011-1014","23","21"," Minsk","Database Systems","obstmnluitvpjabbsux","pseceywujyrdhcxj",,,,,,,,,,,,,,"man47","Multiclass multiple kernel learning.          ","Fakulätentag Informatik - Adressen ","1985","Jun","478-479","13","5"," Minsk","Database Systems","oixngwcayujkrkhiceeitcjkneptvfo","kvbqsofknzdgumjrcgdthdgcqqvhm",,,,,,,,,,,,,,,,,,,,,,,,,,,,,,,,,,,,
"48","WILSON,Maximus",,,,,,,,,,,,,"inc48","Support cluster machine.        ","Simply Visual Basic .NET. ","2000","Sep","1654-1656","22","11"," Brussels","Computational Biology","lfniqsskrjrzkzzpqofelwqocxenfmpfqn","ufravce",,,,,,,,,,,,,,,,,,,,,,,,,,,,,,,,,,,,,,,,,,,,,,,,,,,,,,,,,,,,,
"49","MOORE,Olga",,,,,,,,,,,,,"inc49","A transductive framework of distance metric learning by spectral dimensionality reduction.        ","JavaScript : pocket reference. ","1994","Sep","468-480","16","4"," Belmopan","Database Systems","ltznmhkvtlcdgdszlpnknhqxpeggrfdczk","unghzhghoenixjijwdxozogzdaxpwer",,,,,,,,,,,,,,,,,,,,,,,,,,,,,,,,,,,,,,,,,,,,,,,,,,,,,,,,,,,,,
"50","TAYLOR,Paraskeva",,,,,,,,,,,,,"inc50","Adaptive dimension reduction using discriminant analysis and K means clustering. ","Flash MX : creative web animation and interactivity.","1999","Feb","1939-1945","10","14"," Porto","Human Computer Interaction","kkzmqlzj","olhcdrnpqdfeus",,,,,,,,,,,,,,,,,,,,,,,,,,,,,,,,,,,,,,,,,,,,,,,,,,,,,,,,,,,,,
